male,BlackberryPlaybook,SeaMonkey,ChromeiOS,unknown,unknown,ChromeOS,Opera,55,unknown
0.0,0.33038292529817953,0.33038292529817953,0.47197560756882795,0.6079671587759929,0.6594889434399992,0.6607658505963591,0.7488177919628443,0.767822429291972,0.794775932282546
