male,female
0.39795707088135829,0.60204292911864177
